Title,Areas,Confidence,Created,Date,Gelöscht,Log ID,Project,Related Doc,Source,Summary,Tools,Type
Call mit David Schreiner — Stripe→Attio Scope + Domain-Implementierung,Client Work,User-stated,9. April 2026 00:02,8. April 2026,No,1,Unbenannt (https://www.notion.so/33c91df4938681b7b3d4d9d0d2f55888?pvs=21),,Voice dump,Call mit David Schreiner zu Stripe→Attio Sync geführt. Besprochen dass David mit seinem Co-Founder Rücksprache hält und die Domain in Stripe Metadata implementieren will (Backend Code-Change). Warte auf Rückmeldung von ihm.,"Attio, Stripe",Meeting
"Food Scanner Architecture — Stack festgezogen, V5.1 Research läuft",coralate,User-stated,11. April 2026 18:04,11. April 2026,No,2,Unbenannt (https://www.notion.so/33c91df49386813fa411f4c4e931d51f?pvs=21),,Manual,,,Decision
"V5.1 Reports zurück — Hybrid 3-Tier Architektur bestätigt, Geo via RRF",coralate,Confirmed,11. April 2026 18:16,11. April 2026,No,3,Unbenannt (https://www.notion.so/33c91df49386813fa411f4c4e931d51f?pvs=21),,Manual,,,Decision
"Phase 1 Daten-Uploads komplett, INFOODS als Harmonisierungs-Achse identifiziert",coralate,Confirmed,11. April 2026 21:09,11. April 2026,No,4,Unbenannt (https://www.notion.so/33c91df49386813fa411f4c4e931d51f?pvs=21),,Manual,,,Progress
"Go für Food Scanner Build-Phase — Scope 5 DBs + OFF, Safety-Rails definiert",coralate,Confirmed,12. April 2026 00:12,11. April 2026,No,5,Unbenannt (https://www.notion.so/33c91df49386813fa411f4c4e931d51f?pvs=21),,Manual,,,Decision
"STEP 3 Import durch, Pipeline-Anpassungen von Jann",coralate,Confirmed,12. April 2026 14:44,12. April 2026,No,6,Unbenannt (https://www.notion.so/33c91df49386813fa411f4c4e931d51f?pvs=21),,Claude session,"STEP 3 abgeschlossen. 23.623 Foods in Supabase. Pro Plan geholt. Jann-Feedback triggert zwei Edge-Function-Anpassungen (Barcode-Dual-Flow, Per-Ingredient-Breakdown). Nächster Step: Cross-DB Borrowing.",,Progress
"Borrowing läuft, food_scan_cache + Edge Function nächste Schritte",coralate,Confirmed,12. April 2026 15:15,12. April 2026,No,7,Unbenannt (https://www.notion.so/33c91df49386813fa411f4c4e931d51f?pvs=21),,Claude session,"Borrowing Pass 1 live, 3-Pass-Strategie ausgearbeitet. Jann Voice-Call bestätigt Ingredient-Korrektur-Anforderungen. food_scan_cache Schema-Update + Edge Function nächste Schritte.",,Progress
"Food Scanner v1→v7 — Edge Function produktiv, Latenz 10s, Kosten unter Target",coralate,Confirmed,12. April 2026 17:42,12. April 2026,No,8,,Unbenannt (https://www.notion.so/34091df493868159b414c987e990ae06?pvs=21),Claude session,"Edge Function food-scanner von v1 auf v7 iteriert. Pipeline läuft end-to-end bei 10s Latenz, $0.004-0.006 pro Scan. Größter Hebel war 800px Client-Downsize. Inferred-Ingredients (Olivenöl etc) behebt Kalorien-Underreporting-Bug. 3 Research-Prompts für weitere Latenz-Reduktion dokumentiert.","Notion, Supabase",Milestone
"Stand-Snapshot: Borrowing durch, vor Kategorie-Fix",coralate,Confirmed,12. April 2026 20:40,12. April 2026,No,9,Unbenannt (https://www.notion.so/33c91df49386813fa411f4c4e931d51f?pvs=21),,Claude session,"Stand gesichert vor Kategorie-Fix: 25.623 Foods, Borrowing 3-Pass durch (98-100% Coverage). Matching-Accuracy-Problem identifiziert → Research für food_group_normalized.",,Progress
Food Scanner v1→v7 Iteration Complete,coralate,,12. April 2026 22:44,12. April 2026,No,10,,,,,,
"Food Scanner Pipeline E2E Test — durch, mit Blockern",coralate,Confirmed,12. April 2026 23:57,12. April 2026,No,11,Unbenannt (https://www.notion.so/331e2603b1e78179a0b7d312d039de10?pvs=21),,Claude session,,Supabase,Progress
"Food Scanner — Session-Abschluss 13.04.2026 (Master-Doc erstellt, Auth gelöst, 9 Docs archiviert)",coralate,User-stated,13. April 2026 15:59,13. April 2026,No,12,Unbenannt (https://www.notion.so/33c91df49386813fa411f4c4e931d51f?pvs=21),,Manual,,Supabase,Milestone
"Food Scanner Pipeline Production-Ready — Master-Doc DOC-62 erstellt, 9 alte Docs deprecated, Chat-Übergabe vorbereitet",coralate,User-stated,13. April 2026 16:02,13. April 2026,No,13,Unbenannt (https://www.notion.so/33c91df49386813fa411f4c4e931d51f?pvs=21),,Manual,,"Notion, Supabase",Milestone
"DB Reset + Clean Re-Import done, bereit fuer Multi-Layer-Design",,Confirmed,13. April 2026 17:19,13. April 2026,No,14,Unbenannt (https://www.notion.so/33c91df49386813fa411f4c4e931d51f?pvs=21),,Claude session,"DB komplett zurueckgesetzt und neu importiert. 23.305 saubere Rows aus 6 wissenschaftlichen Quellen, 100% Makro-Komplettheit, keine Embeddings, keine Borrowing-Verzerrungen. OFF via Lazy-Load statt Full-Import. Frontend-Contract unberuehrt. Bereit fuer Multi-Layer-Design im naechsten Chat.",,Progress
"Production-Ready Refactor — alle 4 Scripts gebaut, daily-sync + LGM Auth-Checks validiert",Client Work,Confirmed,14. April 2026 00:43,13. April 2026,No,15,Unbenannt (https://www.notion.so/33d91df4938681a8af4cf625b0b2f0cb?pvs=21),,Manual,,"Attio, Hetzner, LGM, Mantle, n8n",Progress
"Phase 2 komplett validiert, Repo auf GitHub privat gesichert",Client Work,Confirmed,14. April 2026 14:29,14. April 2026,No,16,Unbenannt (https://www.notion.so/33d91df4938681a8af4cf625b0b2f0cb?pvs=21),,Manual,,"Attio, Hetzner, LGM, Mantle, n8n",Progress
"Kritische Einsicht — Matching-System ist Grundinfrastruktur für Backfill, Borrowing und Retrieval",coralate,User-stated,14. April 2026 15:32,14. April 2026,No,17,Unbenannt (https://www.notion.so/33c91df49386813fa411f4c4e931d51f?pvs=21),,Voice dump,"Deniz bringt kritische Einsicht: Cross-DB Borrowing und User-Retrieval nutzen dieselbe Matching-Infrastruktur. Konsequenz: Matching-System muss zuerst gebaut werden, bevor Backfill oder Borrowing. Master-Plan in Docs DB angelegt.",Supabase,Decision
"Runde 2 Research abgeschlossen — Architektur-Entscheidungen getroffen, 5-Etappen-Plan steht",coralate,User-stated,14. April 2026 17:21,14. April 2026,No,18,,,Claude session,"Runde 2 Research abgeschlossen. Klare Entscheidungen: NutriMatch verworfen (totes Repo, Latenz), OFF 2026 Smart-Aggregation-Schema als Vorbild uebernommen, LLM-Imputation fuer Werte bleibt raus, Cronometer Better-Alternative-Backfill + CV<30% als Regel-Set. Coverage-Erwartung 88-92% nach Borrowing, Rest NULL (bestaetigt okay). 5-Etappen-Plan definiert, ~14h Build.",Supabase,Decision
